,v1_index,v2_index
007bbfb7,0,1
00d62c1b,1,3
017c7c7b,2,5
025d127b,3,6
045e512c,4,8
0520fde7,5,9
05269061,6,10
05f2a901,7,12
06df4c85,8,15
08ed6ac7,9,17
09629e4f,10,18
0962bcdd,11,19
0a938d79,12,23
0b148d64,13,24
0ca9ddb6,14,30
0d3d703e,15,31
0e206a2e,17,33
10fcaaa3,18,37
11852cab,19,38
1190e5a7,20,40
137eaa0f,21,47
150deff5,22,54
178fcbfb,23,60
1a07d186,24,72
1b2d62fb,25,77
1b60fb0c,26,79
1bfc4729,27,82
1c786137,28,86
1caeab9d,29,87
1cf80156,30,88
1e0a9b12,31,93
1e32b0e9,32,94
1f0c79e5,33,98
1f642eb9,34,99
1f85a75f,35,100
1f876c06,36,101
1fad071e,37,102
2013d3e2,38,103
2204b7a8,39,111
22168020,40,112
22233c11,41,114
2281f1f4,42,117
228f6490,43,118
22eb0ac0,44,120
234bbc79,45,122
23581191,46,123
239be575,47,124
23b5c85d,48,125
253bf280,49,128
25d487eb,50,132
25d8a9c8,51,133
25ff71a9,52,135
264363fd,53,137
272f95fa,54,140
27a28665,55,143
28bf18c6,56,147
28e73c20,57,148
29623171,58,150
29c11459,59,152
2bcee788,61,157
2bee17df,62,158
2c608aff,63,160
2dc579da,64,163
2dd70a9a,65,164
2dee498d,66,166
31aa019c,67,176
321b1fc6,68,180
32597951,69,181
3345333e,70,186
3428a4f5,71,190
3618c87e,72,198
363442ee,74,199
36d67576,75,200
36fdfd69,76,201
3906de3d,77,204
39a8645d,78,207
39e1d7f9,79,208
3aa6fb7a,80,210
3ac3eb23,81,211
3af2c5a8,82,213
3bd67248,83,216
3bdb4ada,84,217
3befdf3e,85,218
3c9b0459,86,219
3de23699,87,224
3e980e27,88,225
3eda0437,89,226
3f7978a0,90,229
4093f84a,92,230
41e4d17e,93,235
4258a5f9,94,237
4290ef0e,95,238
42a50994,96,241
4347f46a,97,244
444801d8,98,246
445eab21,99,247
447fd412,100,248
44d8ac46,101,249
44f52bb0,102,250
4522001f,103,251
4612dd53,104,256
46442a0e,105,257
469497ad,106,259
46f33fce,107,261
47c1f68c,108,263
484b58aa,109,265
48d8fb45,110,268
4938f0c2,111,270
496994bd,112,272
49d1d64f,113,273
4be741c5,114,277
4c4377d9,115,279
4c5c2cf0,116,280
50846271,117,291
508bd3b6,118,292
50cb2852,119,296
5117e062,120,298
5168d44c,121,299
539a4f51,122,308
53b68214,123,309
543a7ed5,124,310
54d82841,125,311
54d9e175,126,312
5521c0d9,127,317
5582e5ca,128,318
5614dbcf,129,320
56dc2b01,130,322
56ff96f3,131,323
57aa92db,132,328
5ad4f10b,133,337
5bd6f4ac,134,345
5c0a986e,135,346
5c2c9af4,136,347
5daaa586,137,350
60b61512,138,355
6150a2bd,139,358
623ea044,140,360
62c24649,141,364
63613498,142,366
6430c8c4,143,370
6455b5f5,144,371
662c240a,145,374
67385a82,146,379
673ef223,147,380
6773b310,148,382
67a3c6ac,149,383
67a423a3,150,384
67e8384a,151,386
681b3aeb,152,387
6855a6e4,153,388
68b16354,154,390
694f12f3,155,394
6a1e5592,156,399
6aa20dc0,157,401
6b9890af,158,403
6c434453,159,405
6cdd2623,160,408
6cf79266,161,409
6d0160f0,162,410
6d0aefbc,163,411
6d58a25d,164,413
6d75e8bb,165,414
6e02f1e3,166,416
6e19193c,167,417
6e82a1ae,168,418
6ecd11f4,169,420
6f8cd79b,170,422
6fa7a44f,171,423
72322fa7,172,429
72ca375d,173,431
7447852a,175,435
7468f01a,176,436
746b3537,177,437
74dd1130,178,438
75b8110e,179,442
760b3cac,180,443
776ffc46,181,446
77fdfe62,182,447
780d0b14,183,448
7837ac64,184,450
794b24be,185,453
7b6016b9,186,457
7b7f7511,187,458
7c008303,188,460
7ddcd7ec,189,467
7df24a62,190,468
7e0986d6,191,470
7f4411dc,192,476
7fe24cdd,193,477
80af3007,194,479
810b9b61,195,480
82819916,196,484
83302e8f,197,485
834ec97d,198,488
8403a5d5,199,491
846bdb03,200,494
855e0971,201,498
85c4e7cd,202,501
868de0fa,203,504
8731374e,204,506
88a10436,205,512
88a62173,206,513
890034e9,207,514
8a004b2b,208,517
8be77c9e,209,523
8d5021e8,210,525
8d510a79,211,526
8e1813be,212,529
8e5a5113,213,532
8eb1be9a,214,533
8efcae92,215,535
8f2ea7aa,216,536
90c28cc7,217,541
90f3ed37,218,542
913fb3ed,219,544
91413438,220,545
91714a58,221,546
9172f3a0,222,547
928ad970,223,549
93b581b8,224,554
941d9a10,225,557
94f9d214,226,561
952a094c,227,562
9565186b,228,563
95990924,229,565
963e52fc,230,568
97999447,231,575
97a05b5b,232,576
98cf29f8,233,583
995c5fa3,234,586
99b1bc43,235,589
99fa7670,236,591
9aec4887,237,593
9af7a82c,238,594
9d9215db,239,606
9dfd6313,240,609
9edfc990,242,610
9f236235,243,611
a1570a43,244,620
a2fd1cf0,245,623
a3325580,246,624
a416b8f3,248,627
a48eeaf7,249,629
a5313dff,250,630
a5f85a15,251,633
a61ba2ce,252,634
a61f2674,253,635
a64e4611,254,637
a65b410d,255,638
a68b268e,256,640
a699fb00,257,642
a740d043,258,643
a78176bb,259,644
a79310a0,260,645
a85d4709,261,647
a87f7484,262,649
a8c38be5,263,650
a8d7556c,264,651
a9f96cdd,265,653
aabf363d,266,658
aba27056,267,661
ac0a08a4,268,663
ae3edfdc,269,674
ae4f1146,270,675
aedd82e4,271,677
af902bf9,272,681
b0c4d837,273,684
b190f7f5,274,687
b1948b0a,275,688
b230c067,276,692
b27ca6d3,277,694
b2862040,278,695
b527c5c6,279,699
b548a754,280,700
b60334d2,281,702
b6afb2da,282,703
b7249182,283,705
b775ac94,284,709
b782dc8a,285,710
b8825c91,286,716
b8cdaf2b,287,717
b91ae062,288,718
b94a9452,289,720
b9b7f026,290,722
ba26e723,291,724
ba97ae07,292,725
bb43febb,293,729
bbc9ae5d,294,732
bc1d5164,295,733
bd4472b8,296,739
bda2d7a6,297,741
bdad9b1f,298,742
be94b721,299,744
beb8660c,300,745
c0f76784,301,750
c1d99e64,302,752
c3e719e8,303,755
c444b776,305,757
c59eb873,306,760
c8cbb738,307,771
c8f0f002,308,772
c909285e,309,773
c9e6f938,310,778
c9f8e694,311,779
caa06a1f,312,781
cbded52d,313,784
cce03e0d,314,787
cdecee7f,315,789
ce22a75a,316,791
ce4f8723,317,792
ce602527,318,793
ce9e57f2,319,795
cf98881b,320,798
d037b0a7,321,801
d06dbe63,322,802
d07ae81c,323,803
d0f5fe59,324,804
d10ecb37,325,805
d13f3404,326,806
d22278a0,327,808
d23f8c26,328,809
d2abd087,329,812
d364b489,330,815
d406998b,331,817
d43fd935,332,818
d4469b4b,333,819
d4a91cb9,334,822
d4f3cd78,335,825
d511f180,336,826
d5d6de2d,337,829
d631b094,338,830
d687bc17,339,832
d6ad076f,340,833
d89b689b,341,837
d8c310e9,342,838
d90796e8,343,839
d9f24cd1,344,844
d9fac9be,345,845
dae9d2b5,346,848
db3e9e38,347,850
db93a21d,348,853
dbc1a6ce,349,854
dc1df850,351,855
dc433765,352,858
ddf7fa4f,353,862
de1cd16c,354,863
ded97339,355,865
e179c5f4,356,872
e21d9049,357,877
e26a3af2,358,878
e3497940,359,880
e40b9e2f,360,885
e48d4e1a,361,889
e5062a87,362,891
e509e548,363,892
e50d258f,364,893
e6721834,365,899
e73095fd,366,904
e76a88a6,367,909
e8593010,368,915
e8dc4411,369,918
e9614598,370,919
e98196ab,371,920
e9afcf9a,372,923
ea32f347,373,928
ea786f4a,374,929
eb281b96,375,932
eb5a1d5d,376,933
ec883f72,377,934
ecdecbb3,378,937
ed36ccf7,379,938
ef135b50,380,942
f15e1fac,381,948
f1cefba8,382,951
f25fbde4,383,953
f25ffba3,384,954
f2829549,385,955
f35d900a,386,958
f5b8619d,387,965
f76d97a5,388,967
f8a8fe49,389,970
f8b3ba0a,390,971
f8c80d96,391,973
f8ff0b80,392,976
f9012d9b,393,977
fafffa47,394,981
fcb5c309,395,987
fcc82909,396,988
feca6190,397,995
ff28f65a,398,997
ff805c23,399,999
